Date|Sold to|Ship to|Ship to name|ContractType|Description|Volume(MMSCFD)|DemandPlan(BI)|MDCQ(BW)|Billing Type
02-05-2020|0010000001|0030000001|บริษัท กระจกลายสยาม จำกัด|151|Industrial|0.32476|647.99|0.328|ADQ
02-05-2020|0010000012|0030000012|บริษัท อีสเทิร์นไชน่าแวร์ จำกัด|151|Industrial|0.2990095|647.99|0.292|AMR
02-05-2020|0010000013|0030000013|บริษัท ทาทา สตีล การผลิต (ประเทศไทย) จำกัด (มหาชน)|151|Industrial|2.764364|647.99|2.172|AMR
02-05-2020|0010000026|0030000026|บริษัท บางกอกแคน แมนนูแฟคเจอริ่ง จำกัด|151|Industrial|0.3166316|647.99|0.265|AMR
02-05-2020|0010000027|0030000027|บริษัท ฝาจีบ จำกัด (มหาชน)|152|Industrial-CoGen|0.6994782|647.99|0.372|AMR
02-05-2020|0010000037|0030000037|บริษัท สยามไฟเบอร์กลาส จำกัด|151|Industrial|0.3263431|647.99|0.287|AMR
02-05-2020|0010000049|0030000049|บริษัท ไทยผลิตภัณฑ์ยิบซั่ม จำกัด(มหาชน)|152|Industrial-CoGen|1.1380515|647.99|0.952|AMR
02-05-2020|0010000050|0030000050|บริษัท ไทยพลาสติกและเคมีภัณฑ์ จำกัด(มหาชน)|151|Industrial|5.4603942|647.99|5.017|AMR
02-05-2020|0010000057|0030000057|บริษัท พี เอส เมททอลเวอกส์ จำกัด|151|Industrial|0.0003884|647.99|0.026|AMR
02-05-2020|0010000058|0030000058|บริษัท พีคิว เคมิคอลส์ (ประเทศไทย)จำกัด|151|Industrial|0.1644252|647.99|0.148|AMR
02-05-2020|0010000071|0030000071|บริษัท เอสโซ่ (ประเทศไทย) จำกัด (มหาชน)|152|Industrial-CoGen|6.96097|647.99|7.404|ADQ
02-05-2020|0010000071|0030000071|บริษัท เอสโซ่ (ประเทศไทย) จำกัด (มหาชน)|151|Industrial|6.65245|647.99|4.749|ADQ
02-05-2020|0010000084|0030000084|บริษัท สยามอุตสาหกรรมวัสดุทนไฟ จำกัด|151|Industrial|0.9911776|647.99|1.128|AMR
02-05-2020|0010000085|0030000085|บริษัท บางกอกอินดัสเทรียลแก๊ส จำกัด|151|Industrial|0.0000|647.99|0.042|AMR
02-05-2020|0010000106|0030000109|บริษัท ไมย์เออร์ อลูมิเนียม (ประเทศไทย) จำกัด|151|Industrial|0.3452718|647.99|0.292|AMR
02-05-2020|0010000107|0030000111|บริษัท จี สตีล จำกัด (มหาชน)|151|Industrial|2.3509702|647.99|1.491|AMR
02-05-2020|0010000122|0030000126|บริษัท บี เอ เอส เอฟ (ไทย) จำกัด|151|Industrial|0.1646371|647.99|0.518|AMR
02-05-2020|0010000123|0030000127|บริษัท สยามซานิทารีแวร์อินดัสทรี (หนองแค) จำกัด|151|Industrial|0.4979372|647.99|0.532|AMR
02-05-2020|0010000132|0030000137|บริษัท การ์เดียนอินดัสทรีส์ คอร์ปจำกัด|151|Industrial|3.6287973|647.99|3.698|AMR
02-05-2020|0010000148|0030000153|บริษัท เคนไซซีรามิคส์ อินดัสตรี้ จำกัด|151|Industrial|0.2085333|647.99|0.246|AMR
02-05-2020|0010000158|0030000164|บริษัท นิวพลัสนิตติ้ง จำกัด (มหาชน)|151|Industrial|0.0088286|647.99|0.007|AMR
02-05-2020|0010000201|0030020965|บริษัท อดิตยา เบอร์ล่า เคมีคัลส์ (ประเทศไทย) จำกัด (แอดวานซ์ แมททีเรียลส์)|151|Industrial|0.0779042|647.99|0.072|AMR
02-05-2020|0010000225|0030000251|บริษัท ซีพีพีซี จำกัด (มหาชน)|151|Industrial|0.132536|647.99|0.139|AMR
02-05-2020|0010001146|0030042053|บริษัท เคลล็อก (ประเทศไทย) จำกัด|151|Industrial|0.2299693|647.99|0.172|AMR
02-05-2020|0010001747|0030042303|บริษัท สุนทรเมทัลอินดัสทรี้ส์ จำกัด|151|Industrial|0.5482607|647.99|0.383|AMR
02-05-2020|0010001998|0030025768|บริษัท อินโดรามา โพลีเอสเตอร์ อินดัสตรี้ส์ จำกัด (มหาชน)|151|Industrial|1.3708107|647.99|1.63|AMR
02-05-2020|0010002048|0030021234|บริษัท ด๊อกเตอร์ บู จำกัด|151|Industrial|0.1613175|647.99|0.189|AMR
02-05-2020|0010006748|0030010640|บริษัท ยูเนี่ยนโชจิรุชิ จำกัด|151|Industrial|0.0164566|647.99|0.014|AMR
02-05-2020|0010006755|0030027897|บริษัท ปูนซิเมนต์ไทย (ท่าหลวง) จำกัด|151|Industrial|0.0000|647.99|0.03|AMR
02-05-2020|0010007151|0030011752|บริษัท เอ็มซีแอลเอส เอเชีย จำกัด|151|Industrial|0.9303657|647.99|0.964|AMR
02-05-2020|0010007766|0030013680|บริษัท อินโดรามา ปิโตรเคม จำกัด|152|Industrial-CoGen|0.0000|647.99|3.55|AMR
02-05-2020|0010008206|0030033172|บริษัท เอ็นเนซอล จำกัด|152|Industrial-CoGen|1.4394624|647.99|1.232|AMR
02-05-2020|0010008288|0030015470|บริษัท อุตสาหกรรมทำเครื่องแก้วไทยจำกัด (มหาชน)|151|Industrial|6.3185061|647.99|6.385|AMR
02-05-2020|0010008758|0030016949|บริษัท คล็อกเนอร์ เพนทาพลาสท์ (ไทยแลนด์) จำกัด|151|Industrial|0.0147968|647.99|0.02|AMR
02-05-2020|0010008926|0030018384|บริษัท อินเตอร์เนชั่นแนล แลบบอราทอรีส์ จำกัด|151|Industrial|0.0237667|647.99|0.017|AMR
02-05-2020|0010009357|0030020016|บริษัท ซีพี-เมจิ จำกัด|152|Industrial-CoGen|0.409262|647.99|0.345|AMR
02-05-2020|0010009357|0030020016|บริษัท ซีพี-เมจิ จำกัด|151|Industrial|0.4689439|647.99|0.458|AMR
02-05-2020|0010010005|0030022294|บริษัท คอทโก้ เอ็นซีอาร์ เปเปอร์ จำกัด|151|Industrial|0.0443905|647.99|0.026|AMR
02-05-2020|0010010061|0030022473|บริษัท แอมคอร์ เฟล็กซิเบิ้ล ระยองจำกัด|151|Industrial|0.0311475|647.99|0.027|AMR
02-05-2020|0010011029|0030026047|บริษัท เอ็น ซี อาร์ รับเบอร์อินดัสตรี้ จำกัด|151|Industrial|0.0679807|647.99|0.069|AMR
02-05-2020|0010011163|0030026631|บริษัท ไทย อกริ เพาเวอร์ จำกัด|152|Industrial-CoGen|0.0789636|647.99|0.317|AMR
02-05-2020|0010012320|0030000072|บริษัท พีทีที โกลบอล เคมิคอล จำกัด(มหาชน)|152|Industrial-CoGen|12.04014|647.99|10.296|ADQ
02-05-2020|0010012320|0030000072|บริษัท พีทีที โกลบอล เคมิคอล จำกัด(มหาชน)|151|Industrial|27.3709917|647.99|23.146|ADQ/AMR
02-05-2020|0010012320|0030000168|บริษัท พีทีที โกลบอล เคมิคอล จำกัด(มหาชน)|151|Industrial|2.2339019|647.99|0.339|AMR
02-05-2020|0010015560|0030040907|บริษัท ลินเด้ ไฮโค จำกัด|151|Industrial|1.8373178|647.99|1.466|AMR
02-05-2020|0010021265|0030040855|บริษัท เอ็นเอส-สยามยูไนเต็ดสตีล จำกัด|151|Industrial|1.3597572|647.99|1.156|AMR
02-05-2020|0010021577|0030041863|บริษัท นำวัฒนา แพ็คแอนด์พริ้นท์ จำกัด|151|Industrial|0.5972775|647.99|0.57|AMR
02-05-2020|0010022868|0030047048|บริษัท ไออาร์พีซี คลีน พาวเวอร์ จำกัด|151|Industrial|2.6504741|647.99|1.776|AMR
02-05-2020|0010024055|0030064942|บริษัท โอจีพี เอนเนอร์ยี่ โซลูชั่นส์ จำกัด (สำหรับ บริษัท นิปปอน สตีลไพพ์ (ประเทศไทย) จำกัด โรงงาน 2)|151|Industrial|0.0000|647.99||ADQ
02-05-2020|0010024871|0030053591|บริษัท เอ็นเอส-โอจี เอนเนอร์จี โซลูชั่นส์ (ไทยแลนด์) จำกัด|152|Industrial-CoGen|1.1620302|647.99|0.775|AMR
02-05-2020|0010025332|0030052476|บริษัท ไอที ฟอร์จิ้ง (ประเทศไทย) จำกัด|151|Industrial|0.1594458|647.99|0.134|AMR
02-05-2020|0010027591|0030024290|บริษัท ซีพีเอฟ ฟู้ด แอนด์ เบฟเวอร์เรจ จำกัด|152|Industrial-CoGen|0.273477|647.99|0.197|AMR
02-05-2020|0010000003|0030000003|บริษัท เขาช่องอุตสาหกรรม 1979 จำกัด|151|Industrial|0.5903558|647.99|0.507|AMR
02-05-2020|0010000015|0030000015|บริษัท โคห์เลอร์ (ประเทศไทย) จำกัด(มหาชน)|151|Industrial|2.5036709|647.99|2.332|AMR
02-05-2020|0010000027|0030000027|บริษัท ฝาจีบ จำกัด (มหาชน)|151|Industrial|0.3992326|647.99|0.423|AMR
02-05-2020|0010000028|0030000028|บริษัท เฟอร์โร (ประเทศไทย) จำกัด|151|Industrial|0.4582435|647.99|0.431|AMR
02-05-2020|0010000038|0030000038|บริษัท สหโมเสคอุตสาหกรรม จำกัด (มหาชน)|151|Industrial|0.3446361|647.99|0.26|AMR
02-05-2020|0010000051|0030000051|บริษัท ไทยไวร์โพรดัคท์ จำกัด (มหาชน)|151|Industrial|0.0518066|647.99|0.039|AMR
02-05-2020|0010000070|0030000070|บริษัท ทานิโอบิส จำกัด|151|Industrial|0.1605759|647.99|0.124|AMR
02-05-2020|0010000096|0030000096|บริษัท ระยองโอเลฟินส์ จำกัด|151|Industrial|4.6185624|647.99|0.657|AMR
02-05-2020|0010000097|0030000097|บริษัท สายไฟฟ้าบางกอกเคเบิ้ล จำกัด|151|Industrial|0.0000|647.99|0.203|AMR
02-05-2020|0010000120|0030000124|บริษัท ลอยัล ไฮ่เหลียง คอปเปอร์ (ประเทศไทย) จำกัด|151|Industrial|0.0300528|647.99|0.025|AMR
02-05-2020|0010000143|0030000148|บริษัท สยาม พุงซาน เมทัล จำกัด|151|Industrial|0.1082042|647.99|0.202|AMR
02-05-2020|0010000191|0030043704|บริษัท ศักดิ์ไชยสิทธิ จำกัด|151|Industrial|0.7083775|647.99|0.752|AMR
02-05-2020|0010000192|0030043881|บริษัท แอร์ ลิควิด (ประเทศไทย) จำกัด|151|Industrial|2.7304972|647.99|2.547|AMR
02-05-2020|0010000228|0030000254|บริษัท ไทย เพ็ท เรซิน จำกัด|151|Industrial|0.9382762|647.99|1.084|AMR
02-05-2020|0010001609|0030015621|บริษัท โตโยต้า มอเตอร์ ประเทศไทย จำกัด|152|Industrial-CoGen|1.2842896|647.99|0.939|AMR
02-05-2020|0010001913|0030020312|บริษัท เหล่าธงสิงห์ จำกัด|151|Industrial|0.1359262|647.99|0.065|AMR
02-05-2020|0010006271|0030008801|บริษัท ริเวอร์โปร์ พัลพ แอนด์เพเพอร์ จำกัด|151|Industrial|0.1190105|647.99|0.113|AMR
02-05-2020|0010006922|0030011105|บริษัท อายิโนะโมะโต๊ะ (ประเทศไทย)จำกัด|151|Industrial|0.0000|647.99|0.069|AMR
02-05-2020|0010006922|0030020406|บริษัท อายิโนะโมะโต๊ะ (ประเทศไทย)จำกัด|152|Industrial-CoGen|0.0000|647.99|0.069|AMR
02-05-2020|0010007561|0030013097|บริษัท บางชันเยนเนอเรลเอเซมบลี จำกัด|151|Industrial|0.0304412|647.99|0.015|AMR
02-05-2020|0010007594|0030013168|บริษัท ไลอ้อน (ประเทศไทย) จำกัด|151|Industrial|0.6557233|647.99|0.567|AMR
02-05-2020|0010008509|0030044231|บริษัท ผลิตภัณฑ์ตราเพชร จำกัด (มหาชน)|151|Industrial|0.269663|647.99|0.348|AMR
02-05-2020|0010009040|0030022254|บริษัท ไทยเรยอน จำกัด (มหาชน)|151|Industrial|0.0000|647.99|1.072|AMR
02-05-2020|0010009070|0030018984|บริษัท โมเดอร์น ไดสตัฟส์ แอนด์พิคเมนท์ส จำกัด|151|Industrial|0.3884263|647.99|0.157|AMR
02-05-2020|0010009390|0030020154|บริษัท อัลวา อะลูมิเนียม จำกัด|151|Industrial|0.2408109|647.99|0.218|AMR
02-05-2020|0010010116|0030022714|บริษัท ยัสปาลแอนด์ซันส์ จำกัด|151|Industrial|0.0962325|647.99|0.083|AMR
02-05-2020|0010011367|0030027987|บริษัท มิลลิเมด จำกัด|151|Industrial|0.0496524|647.99|0.031|AMR
02-05-2020|0010012320|0030000055|บริษัท พีทีที โกลบอล เคมิคอล จำกัด(มหาชน)|151|Industrial|0.0201293|647.99|0.002|AMR
02-05-2020|0010012320|0030000069|บริษัท พีทีที โกลบอล เคมิคอล จำกัด(มหาชน)|151|Industrial|0.7653754|647.99|3.922|AMR
02-05-2020|0010012440|0030033600|บริษัท นูทริกซ์ จำกัด (มหาชน)|151|Industrial|0.2196927|647.99|0.208|AMR
02-05-2020|0010012506|0030000025|บริษัท ปทุมธานีกล๊าส อินดัสทรี จำกัด|151|Industrial|2.7460357|647.99|2.627|AMR
02-05-2020|0010021265|0030000095|บริษัท เอ็นเอส-สยามยูไนเต็ดสตีล จำกัด|151|Industrial|1.7014622|647.99|1.685|AMR
02-05-2020|0010022812|0030020778|บริษัท โกลบอล เพาเวอร์ ซินเนอร์ยี่จำกัด (มหาชน)|152|Industrial-CoGen|22.3453746|647.99|21.691|FlowComp
02-05-2020|0010022812|0030020778|บริษัท โกลบอล เพาเวอร์ ซินเนอร์ยี่จำกัด (มหาชน)|151|Industrial|3.308584|647.99|2.354|FlowComp
02-05-2020|0010024055|0030064939|บริษัท โอจีพี เอนเนอร์ยี่ โซลูชั่นส์ จำกัด (สำหรับ บริษัท ยามาดะ สมบูรณ์ จำกัด)|151|Industrial|0.0055|647.99|0.02|ADQ
02-05-2020|0010024055|0030064940|บริษัท โอจีพี เอนเนอร์ยี่ โซลูชั่นส์ จำกัด (สำหรับ บริษัท คันไซ เรซิน(ประเทศไทย) จำกัด)|151|Industrial|0.08934|647.99|0.10|ADQ
02-05-2020|0010024055|0030064941|บริษัท โอจีพี เอนเนอร์ยี่ โซลูชั่นส์ จำกัด (สำหรับ บริษัท นิปปอน สตีลไพพ์ (ประเทศไทย) จำกัด โรงงาน 1)|151|Industrial|0.0931|647.99|0.11|ADQ
02-05-2020|0010027459|0030011637|บริษัท โอสถสภา จำกัด (มหาชน)|151|Industrial|2.6081318|647.99|2.506|AMR
02-05-2020|0010027591|0030000157|บริษัท ซีพีเอฟ ฟู้ด แอนด์ เบฟเวอร์เรจ จำกัด|151|Industrial|0.3138064|647.99|0.004|AMR
02-05-2020|0010000009|0030000009|บริษัท ล.ไลท์ติ้งกลาส จำกัด|151|Industrial|3.6453599|647.99|3.884|AMR
02-05-2020|0010000010|0030000010|บริษัท สยามกลาส อินดัสทรี จำกัด|151|Industrial|1.4899271|647.99|1.76|AMR
02-05-2020|0010000022|0030000022|บริษัท ไทยบริดจสโตน จำกัด|152|Industrial-CoGen|1.9500424|647.99|1.43|AMR
02-05-2020|0010000023|0030000023|บริษัท ไทยเปอร์อ๊อกไซด์ จำกัด|151|Industrial|1.6323866|647.99|1.41|AMR
02-05-2020|0010000035|0030000035|บริษัท สยามซานิทารีแวร์อินดัสทรี จำกัด|151|Industrial|0.8140744|647.99|0.889|AMR
02-05-2020|0010000036|0030000036|บริษัท สยามฟูรูกาวา จำกัด|151|Industrial|0.2868259|647.99|0.248|AMR
02-05-2020|0010000046|0030000046|บริษัท ไทยแทฟฟิต้า จำกัด|151|Industrial|0.0000|647.99|0.006|AMR
02-05-2020|0010000047|0030000047|บริษัท โพสโค-ไทยน๊อคซ์ จำกัด (มหาชน)|151|Industrial|1.0166042|647.99|1.304|AMR
02-05-2020|0010000053|0030020331|บริษัท ไทยอาซาฮีเคมีภัณฑ์ จำกัด|151|Industrial|0.4477197|647.99|0.38|AMR
02-05-2020|0010000062|0030000062|บริษัท สตาร์ ปิโตรเลียม รีไฟน์นิ่งจำกัด (มหาชน)|152|Industrial-CoGen|11.1725|647.99|11.249|ADQ
02-05-2020|0010000062|0030000062|บริษัท สตาร์ ปิโตรเลียม รีไฟน์นิ่งจำกัด (มหาชน)|151|Industrial|12.7272023|647.99|8.753|ADQ/AMR
02-05-2020|0010000073|0030000073|บริษัท ไฟน์ เม็ททัล เทคโนโลยีส์จำกัด (มหาชน)|151|Industrial|0.6595373|647.99|0.322|AMR
02-05-2020|0010000074|0030000074|บริษัท ไทยเบเวอร์เรจแคน จำกัด|151|Industrial|0.3255309|647.99|0.483|AMR
02-05-2020|0010000083|0030021634|บริษัท เอจีซี แฟลทกลาส (ประเทศไทย)จำกัด (มหาชน)|151|Industrial|3.8697495|647.99|3.834|AMR
02-05-2020|0010000099|0030000099|บริษัท เกรท วอลล์ มอเตอร์ แมนูแฟคเจอริ่ง (ประเทศไทย) จำกัด|151|Industrial|0.3842239|647.99|0.259|AMR
02-05-2020|0010000114|0030000118|บริษัท อิเมอร์สัน อิเล็คทริค (ประเทศไทย) จำกัด|151|Industrial|0.1605053|647.99|0.134|AMR
02-05-2020|0010000130|0030052374|บริษัท กรีนสปอต จำกัด|151|Industrial|0.2835064|647.99|0.00|AMR
02-05-2020|0010000131|0030000136|บริษัท การ์เดียนอินดัสทรีส์ ระยองจำกัด|151|Industrial|3.0362519|647.99|3.212|AMR
02-05-2020|0010000144|0030000149|บริษัท เบอร์ลี่ ยุคเกอร์ เซลล็อกซ์จำกัด|151|Industrial|0.2546189|647.99|0.45|AMR
02-05-2020|0010000145|0030000150|บริษัท แสตนดาร์ดแคน จำกัด|151|Industrial|0.3558309|647.99|0.281|AMR
02-05-2020|0010000156|0030000162|บริษัท เวลโกรว์กล๊าส อินดัสทรี จำกัด|151|Industrial|1.4460663|647.99|1.841|AMR
02-05-2020|0010000157|0030000163|บริษัท ไทยอะครีลิค จำกัด|151|Industrial|0.0000|647.99|0.005|AMR
02-05-2020|0010000197|0030025358|บริษัท บางจาก คอร์ปอเรชั่น จำกัด (มหาชน)|151|Industrial|21.5325415|647.99|23.00|FlowComp
02-05-2020|0010000216|0030030499|บริษัท ไออาร์พีซี จำกัด (มหาชน)|152|Industrial-CoGen|51.8057223|647.99|50.675|FlowComp
02-05-2020|0010000934|0030046753|บริษัท ฮอนด้า ออโตโมบิล (ประเทศไทย) จำกัด|151|Industrial|0.4362424|647.99|0.292|AMR
02-05-2020|0010001013|0030023306|บริษัท เนสท์เล่ (ไทย) จำกัด|151|Industrial|0.0525482|647.99|0.032|AMR
02-05-2020|0010001714|0030016192|บริษัท ออลเน็กซ์ (ประเทศไทย) จำกัด|151|Industrial|0.1531245|647.99|0.12|AMR
02-05-2020|0010001727|0030020317|บริษัท ไทยเซ็นทรัลเคมี จำกัด (มหาชน)|151|Industrial|0.0000|647.99|0.262|AMR
02-05-2020|0010002092|0030016062|บริษัท สยามแผ่นเหล็กวิลาส จำกัด|151|Industrial|0.009994|647.99|0.08|AMR
02-05-2020|0010006733|0030023785|บริษัท เดลี่ฟู้ดส์ จำกัด|151|Industrial|0.1319357|647.99|0.066|AMR
02-05-2020|0010006939|0030011133|บริษัท นิเด็ค ค็อมโปเน็นท์ เทคโนโลยี (ไทยแลนด์) จำกัด|151|Industrial|0.4765718|647.99|0.463|AMR
02-05-2020|0010007765|0030013679|บริษัท เอ.พี.ซี อุตสาหกรรม จำกัด|151|Industrial|0.0000|647.99|0.011|AMR
02-05-2020|0010007766|0030000094|บริษัท อินโดรามา ปิโตรเคม จำกัด|152|Industrial-CoGen|1.1445847|647.99|0.08|AMR
02-05-2020|0010008356|0030047608|บริษัท แสงไทยเมตัลดรัม จำกัด|151|Industrial|0.0346437|647.99|0.034|AMR
02-05-2020|0010008509|0030016162|บริษัท ผลิตภัณฑ์ตราเพชร จำกัด (มหาชน)|151|Industrial|0.1251199|647.99|0.128|AMR
02-05-2020|0010008928|0030018387|บริษัท หลุยส์ผลิตภัณท์กาวเทป จำกัด|151|Industrial|0.516654|647.99|0.342|AMR
02-05-2020|0010009180|0030044623|บริษัท ไทย มาลายา กลาส จำกัด|151|Industrial|4.4949256|647.99|4.463|AMR
02-05-2020|0010009196|0030019599|บริษัท ราชราตัน ไทย ไวร์ จำกัด|151|Industrial|0.2291924|647.99|0.171|AMR
02-05-2020|0010009604|0030020797|บริษัท เจ.พี ยูไนเต็ด จำกัด|151|Industrial|0.0608119|647.99|0.034|AMR
02-05-2020|0010009784|0030021478|บริษัท แคททาเลอร์ (ประเทศไทย) จำกัด|151|Industrial|0.1725829|647.99|0.114|AMR
02-05-2020|0010010605|0030024817|บริษัท มาบตาพุดโอเลฟินส์ จำกัด|151|Industrial|6.2033448|647.99|2.748|AMR
02-05-2020|0010010925|0030025431|บริษัท เน็กซ์ แคน อินโนเวชั่น จำกัด|151|Industrial|0.4077435|647.99|0.367|AMR
02-05-2020|0010012227|0030032353|บริษัท เอ็มทีพี เอชพี เจวี (ประเทศไทย) จำกัด|151|Industrial|7.0976543|647.99|7.239|AMR
02-05-2020|0010012326|0030032885|บริษัท สายไฟฟ้าไทย-ยาซากิ จำกัด|151|Industrial|0.1522416|647.99|0.109|AMR
02-05-2020|0010021112|0030041494|บริษัท เจเอสอาร์ บีเอสที อิลาสโตเมอร์ จำกัด|151|Industrial|0.2114997|647.99|0.178|AMR
02-05-2020|0010021117|0030000123|บริษัท ซีพีเอฟ (ประเทศไทย) จำกัด(มหาชน)|152|Industrial-CoGen|1.3404047|647.99|1.161|AMR
02-05-2020|0010022333|0030043703|บริษัท เอเชียแปซิฟิกกลาส จำกัด|151|Industrial|2.3783391|647.99|2.171|AMR
02-05-2020|0010022444|0030044003|บริษัท ทีวาย สตีล จำกัด|151|Industrial|0.1505465|647.99|0.175|AMR
02-05-2020|0010023651|0030048793|บริษัท ไคฮาระ (ประเทศไทย) จำกัด|151|Industrial|0.4105333|647.99|0.273|AMR
02-05-2020|0010026372|0030024061|บริษัท เคมีแมน จำกัด (มหาชน)|151|Industrial|1.4907747|647.99|1.504|AMR
02-05-2020|0010027861|0030000018|บริษัท เอสซีจี เซรามิกส์ จำกัด (มหาชน)|151|Industrial|2.8836924|647.99|2.504|AMR
02-05-2020|0010000008|0030000008|บริษัท ไมโครไฟเบอร์อุตสาหกรรม จำกัด|151|Industrial|0.3339358|647.99|0.267|AMR
02-05-2020|0010000022|0030000022|บริษัท ไทยบริดจสโตน จำกัด|151|Industrial|0.5366774|647.99|0.735|AMR
02-05-2020|0010000031|0030000031|บริษัท วิลเลรอย แอนด์ บอค (ประเทศไทย) จำกัด|151|Industrial|0.4968425|647.99|0.651|AMR
02-05-2020|0010000032|0030000032|บริษัท รอยัลปอร์ซเลน จำกัด (มหาชน)|151|Industrial|1.2980977|647.99|1.053|AMR
02-05-2020|0010000043|0030000043|บริษัท ไทย จีซีไอ เรซิท็อป จำกัด|151|Industrial|0.2375973|647.99|0.263|AMR
02-05-2020|0010000052|0030000052|บริษัท ไทยออยล์ จำกัด (มหาชน)|151|Industrial|20.2360488|647.99|23.334|AMR/FlowComp
02-05-2020|0010000053|0030000053|บริษัท ไทยอาซาฮีเคมีภัณฑ์ จำกัด|151|Industrial|0.2259081|647.99|0.184|AMR
02-05-2020|0010000063|0030000063|บริษัท สยามมิชลิน จำกัด|151|Industrial|0.0000|647.99|0.20|AMR
02-05-2020|0010000063|0030000075|บริษัท สยามมิชลิน จำกัด|151|Industrial|0.0774451|647.99|0.077|AMR
02-05-2020|0010000076|0030000076|บริษัท สยามสไตรีนโมโนเมอร์ จำกัด|151|Industrial|0.422505|647.99|3.23|AMR
02-05-2020|0010000086|0030000086|บริษัท สยามคอมเพรสเซอร์อุตสาหกรรม จำกัด|151|Industrial|0.1695811|647.99|0.144|AMR
02-05-2020|0010000088|0030000088|บริษัท ไทยฟิล์มอินดัสตรี่ จำกัด (มหาชน)|151|Industrial|0.0000|647.99|0.016|AMR
02-05-2020|0010000101|0030000103|บริษัท ร็อควูล (ประเทศไทย) จำกัด|151|Industrial|0.1234955|647.99|0.156|AMR
02-05-2020|0010000104|0030000107|บริษัท สยามโพลิเอททีลีน จำกัด|151|Industrial|2.2213299|647.99|1.738|AMR
02-05-2020|0010000116|0030000120|บริษัท มิตซูบิชิ มอเตอร์ส (ประเทศไทย) จำกัด|151|Industrial|0.4531935|647.99|0.301|AMR
02-05-2020|0010000133|0030000138|บริษัท เอ.เจ. พลาสท์ จำกัด (มหาชน)|151|Industrial|0.7252579|647.99|0.687|AMR
02-05-2020|0010000146|0030000151|บริษัท จีเอฟพีที จำกัด (มหาชน)|151|Industrial|0.4062249|647.99|0.505|AMR
02-05-2020|0010000147|0030000152|บริษัท แมคคีย์ ฟู้ด เซอร์วิสเซส (ประเทศไทย) จำกัด|151|Industrial|0.3145127|647.99|0.289|AMR
02-05-2020|0010000159|0030000165|บริษัท ไทย-เยอรมัน สเปเชียลตี้ กลาสจำกัด|151|Industrial|0.0496171|647.99|0.039|AMR
02-05-2020|0010000160|0030000166|บริษัท คอนวูด จำกัด|151|Industrial|0.3030354|647.99|0.255|AMR
02-05-2020|0010000201|0030000021|บริษัท อดิตยา เบอร์ล่า เคมีคัลส์ (ประเทศไทย) จำกัด (ซัลไฟท์ส ดีวิชั่น)|151|Industrial|0.0789283|647.99|0.084|AMR
02-05-2020|0010000201|0030000234|บริษัท อดิตยา เบอร์ล่า เคมีคัลส์ (ประเทศไทย) จำกัด(คลออัลคาลีดีวิชั่น)|151|Industrial|0.0284989|647.99|0.023|AMR
02-05-2020|0010000221|0030011437|บริษัท วีนิไทย จำกัด (มหาชน)|151|Industrial|2.466202|647.99|2.544|AMR
02-05-2020|0010000224|0030000250|บริษัท ออมโนวา เอ็นจิเนียร์ด เซอร์เฟสเซส (ประเทศไทย) จำกัด|151|Industrial|0.3597861|647.99|0.243|AMR
02-05-2020|0010001196|0030029791|บริษัท ไทยคูน เวิลด์ไวด์ กรุ๊ป (ประเทศไทย) จำกัด (มหาชน)|151|Industrial|1.6088317|647.99|1.16|AMR
02-05-2020|0010001787|0030024766|บริษัท เพรซิเดนท์ เบเกอรี่ จำกัด(มหาชน)|151|Industrial|0.2909224|647.99|0.317|AMR
02-05-2020|0010002094|0030018793|บริษัท พ้อตเตอร์ส (ประเทศไทย) จำกัด|151|Industrial|0.3132413|647.99|0.185|AMR
02-05-2020|0010002109|0030030514|บริษัท ลักกี้กลาส จำกัด|151|Industrial|0.8444804|647.99|0.704|AMR
02-05-2020|0010006758|0030010658|บริษัท คอฟโค่ ไบโอเคมิคอล (ประเทศไทย) จำกัด|151|Industrial|0.8440566|647.99|0.784|AMR
02-05-2020|0010007306|0030012309||151|Industrial|0.2480151|647.99|0.31|AMR
02-05-2020|0010007982|0030014211|บริษัท จีซี ไกลคอล จำกัด|151|Industrial|0.0089346|647.99|0.112|AMR
02-05-2020|0010008606|0030016564|บริษัท ซังโกะ ไดคาชติ้ง (ประเทศไทย)จำกัด (มหาชน)|151|Industrial|0.2258375|647.99|0.183|AMR
02-05-2020|0010008657|0030016715|บริษัท คิริว (ประเทศไทย) จำกัด|151|Industrial|0.0548084|647.99|0.035|AMR
02-05-2020|0010009151|0030019200|บริษัท ไทย เกลซ อุตสาหกรรม จำกัด|151|Industrial|0.1794693|647.99|0.275|AMR
02-05-2020|0010009392|0030020182|บริษัท มิตร สตีล จำกัด|151|Industrial|0.0000|647.99|0.046|AMR
02-05-2020|0010009442|0030020288|บริษัท อายิโนะโมะโต๊ะเซลส์ (ประเทศไทย) จำกัด|151|Industrial|0.0766328|647.99|0.051|AMR
02-05-2020|0010010156|0030022920|บริษัท ไทยเคมีภัณฑ์ จำกัด|151|Industrial|0.3955246|647.99|0.289|AMR
02-05-2020|0010010216|0030023098|บริษัท สยามพรีเสิร์ฟ ฟู้ดส์ จำกัด|151|Industrial|0.1801755|647.99|0.144|AMR
02-05-2020|0010011735|0030030004|บริษัท เนเชอรัล ก๊าซ ไซลินเดอร์ (ประเทศไทย) จำกัด|151|Industrial|0.0000|647.99||AMR
02-05-2020|0010012320|0030021481|บริษัท พีทีที โกลบอล เคมิคอล จำกัด(มหาชน)|151|Industrial|6.09029|647.99|23.712|ADQ
02-05-2020|0010020698|0030038224|บริษัท สตาร์คอร์ จำกัด|151|Industrial|0.1214119|647.99|0.105|AMR
02-05-2020|0010020836|0030038183|บริษัท กรุงเทพ ซินธิติกส์ จำกัด|151|Industrial|0.0234842|647.99|0.024|AMR
02-05-2020|0010021842|0030023236|บริษัท คอทโก้ เมททอลเวอร์คส จำกัด|151|Industrial|0.2397514|647.99|0.199|AMR
02-05-2020|0010022812|0030024457|บริษัท โกลบอล เพาเวอร์ ซินเนอร์ยี่จำกัด (มหาชน)|151|Industrial|3.5848658|647.99|3.999|AMR
02-05-2020|0010022812|0030063296|บริษัท โกลบอล เพาเวอร์ ซินเนอร์ยี่จำกัด (มหาชน)|152|Industrial-CoGen|0.0000|647.99|5.966|FlowComp
02-05-2020|0010026634|0030054698|บริษัท คานายามา คาเซอิ (ประเทศไทย)จำกัด|158|NG by Truck|0.61164|647.99|0.59|ADQ
02-05-2020|0010026674|0030017326|บริษัท ไทยเพรซิเดนท์ฟูดส์ จำกัด(มหาชน)|151|Industrial|0.8303898|647.99|0.633|AMR
02-05-2020|0010027860|0030059153|บริษัท เค.เอ็ม.เค.(ไทยแลนด์) จำกัด|151|Industrial|0.0436136|647.99|0.058|AMR
02-05-2020|0010027861|0030000017|บริษัท เอสซีจี เซรามิกส์ จำกัด (มหาชน)|151|Industrial|3.5496923|647.99|3.112|AMR
02-05-2020|0010000006|0030000006|บริษัท ธนอินเตอร์ จำกัด|151|Industrial|0.009994|647.99|0.008|AMR
02-05-2020|0010000007|0030000007|บริษัท บี เอ็น เอส เอส สตีลกรุ๊ป จำกัด|151|Industrial|0.5368893|647.99|0.681|AMR
02-05-2020|0010000016|0030000100|บริษัท ลิกซิล (ประเทศไทย) จำกัด (มหาชน)|151|Industrial|0.2926882|647.99|0.452|AMR
02-05-2020|0010000019|0030000019|บริษัท ไดนาสตี้ เซรามิค จำกัด (มหาชน)|151|Industrial|4.1121849|647.99|3.925|AMR
02-05-2020|0010000038|0030000102|บริษัท สหโมเสคอุตสาหกรรม จำกัด (มหาชน)|151|Industrial|2.2871212|647.99|1.394|AMR
02-05-2020|0010000039|0030000039|บริษัท โสสุโก้ เซรามิค จำกัด|151|Industrial|2.1646145|647.99|1.97|AMR
02-05-2020|0010000061|0030000061|บริษัท ไมย์เออร์ อินดัสตรีส์ จำกัด|151|Industrial|0.4020578|647.99|0.397|AMR
02-05-2020|0010000068|0030000068|บริษัท เหล็กสยามยามาโตะ จำกัด|151|Industrial|0.0000|647.99|2.44|AMR
02-05-2020|0010000068|0030025580|บริษัท เหล็กสยามยามาโตะ จำกัด|151|Industrial|1.2878917|647.99|2.074|AMR
02-05-2020|0010000083|0030000083|บริษัท เอจีซี แฟลทกลาส (ประเทศไทย)จำกัด (มหาชน)|151|Industrial|2.9182302|647.99|2.992|AMR
02-05-2020|0010000093|0030000093|บริษัท จีซี-เอ็ม พีทีเอ จำกัด|151|Industrial|2.7617507|647.99|2.60|AMR
02-05-2020|0010000111|0030000115|บริษัท อิวอนิก ยูไนเต็ด ซิลิกา (สยาม) จำกัด|151|Industrial|1.0014895|647.99|0.683|AMR
02-05-2020|0010000113|0030000117|บริษัท คาร์ดิแนล เฮลท์ 222 (ประเทศไทย) จำกัด|151|Industrial|1.4037593|647.99|1.512|AMR
02-05-2020|0010000128|0030000132|บริษัท เซกิซุย เอส-เล็ค (ประเทศไทย)จำกัด|151|Industrial|0.05668|647.99|0.066|AMR
02-05-2020|0010000139|0030000144|บริษัท ยูเนี่ยนไพโอเนียร์ จำกัด(มหาชน)|151|Industrial|0.1411175|647.99|0.107|AMR
02-05-2020|0010000153|0030000159|บริษัท เกทส์ ยูนิทตะ (ประเทศไทย) จำกัด|151|Industrial|0.1234601|647.99|0.081|AMR
02-05-2020|0010000178|0030016267|บริษัท โกลว์ เอสพีพี 11 จำกัด|152|Industrial-CoGen|2.0633319|647.99|1.089|AMR
02-05-2020|0010000205|0030000238|บริษัท ไทยอาซาคาวา จำกัด|151|Industrial|0.068228|647.99|0.059|AMR
02-05-2020|0010000227|0030000253|บริษัท จี เจ สตีล จำกัด (มหาชน)|151|Industrial|2.0273816|647.99|2.002|AMR
02-05-2020|0010001217|0030021463|บริษัท แอมคอล อินเตอร์เนชั่นแนล (ไทยแลนด์) จำกัด|151|Industrial|0.007416|647.99|0.074|AMR
02-05-2020|0010001431|0030053506|บริษัท คาราบาวตะวันแดง จำกัด|151|Industrial|0.2775382|647.99|0.24|AMR
02-05-2020|0010001488|0030016945|บริษัท โพลีเพล็กซ์ (ประเทศไทย) จำกัด (มหาชน)|151|Industrial|1.0590172|647.99|1.11|AMR
02-05-2020|0010001827|0030021652|บริษัท กรไทย จำกัด|151|Industrial|0.7925678|647.99|0.708|AMR
02-05-2020|0010001879|0030026184|บริษัท เอ็ชเอ็มซี โปลีเมอส์ จำกัด|151|Industrial|1.229234|647.99|0.623|AMR
02-05-2020|0010003880|0030008767|บริษัท กังวาลเท็กซ์ไทล์ จำกัด|152|Industrial-CoGen|2.3805992|647.99|1.275|AMR
02-05-2020|0010006257|0030022426|บริษัท ออโต้อัลลายแอนซ์ (ประเทศไทย)จำกัด|151|Industrial|0.5998201|647.99|0.443|AMR
02-05-2020|0010006922|0030020406|บริษัท อายิโนะโมะโต๊ะ (ประเทศไทย)จำกัด|151|Industrial|2.7326868|647.99|2.499|AMR
02-05-2020|0010007330|0030013313|บริษัท โกรเวล แอบเบรซีพ (ไทยแลนด์)จำกัด|151|Industrial|0.0362681|647.99|0.042|AMR
02-05-2020|0010007489|0030043669|บจ.ไซมีส เมอร์ชานไดส์|151|Industrial|0.0000|647.99|0.001|AMR
02-05-2020|0010008022|0030033708|บริษัท สยามอุตสาหกรรมเกษตรอาหารจำกัด (มหาชน)|151|Industrial|0.2530298|647.99|0.08|AMR
02-05-2020|0010008739|0030000237|บริษัท สยามไฟเบอร์ซีเมนต์กรุ๊ป จำกัด|151|Industrial|0.1224713|647.99|0.105|AMR
02-05-2020|0010008739|0030013343|บริษัท สยามไฟเบอร์ซีเมนต์กรุ๊ป จำกัด|151|Industrial|0.9568871|647.99|0.861|AMR
02-05-2020|0010009176|0030019559|บริษัท พูแรค (ประเทศไทย) จำกัด|151|Industrial|2.4388684|647.99|2.261|AMR
02-05-2020|0010009177|0030019562|บริษัท สยามโกชิ มานูแฟคเชอริ่ง จำกั|151|Industrial|0.1235308|647.99|0.087|AMR
02-05-2020|0010009584|0030020740|บริษัท เจลลี เบลลี แคนดี้ คอมปานี (ประเทศไทย) จำกัด|151|Industrial|0.1147374|647.99|0.086|AMR
02-05-2020|0010009598|0030053139|บมจ.เอเชียน อินซูเลเตอร์|151|Industrial|0.4361365|647.99|0.314|AMR
02-05-2020|0010010423|0030024015|บริษัท ศานติบรรจุภัณฑ์ จำกัด|151|Industrial|0.2288392|647.99|0.168|AMR
02-05-2020|0010012118|0030062578|บริษัท พีทีที แอลเอ็นจี จำกัด|152|Industrial-CoGen|2.8725397|647.99|1.536|FlowComp
02-05-2020|0010012146|0030032044||151|Industrial|0.8636563|647.99|0.704|AMR
02-05-2020|0010012323|0030032849|บริษัท โตโยอิ๊งค์ (ประเทศไทย) จำกัด|151|Industrial|0.01052|647.99|0.009|ADQ
02-05-2020|0010020998|0030039159||151|Industrial|0.0000|647.99|0.003|ADQ
02-05-2020|0010021910|0030042490|บริษัท คาเนมิทสึ พูลเล่ย์ จำกัด|151|Industrial|0.0110888|647.99|0.008|AMR
02-05-2020|0010022253|0030043488|บริษัท ที.ที.เซรามิค จำกัด (มหาชน)|151|Industrial|1.0173105|647.99|0.821|AMR
02-05-2020|0010022869|0030045768|บริษัท ยามาโมริ (ประเทศไทย) จำกัด|151|Industrial|0.025815|647.99|0.022|AMR
02-05-2020|0010023379|0030049270|บริษัท ลาบิกซ์ จำกัด|151|Industrial|6.4863215|647.99|6.47|AMR
02-05-2020|0010025615|0030053102|บริษัท เอ็นจีเค เซรามิคส์ (ประเทศไทย) จำกัด|151|Industrial|0.6096023|647.99|0.368|AMR
02-05-2020|0010026111|0030055031|บริษัท กบินทร์บุรีกล๊าส อินดัสทรีจำกัด|151|Industrial|3.238923|647.99|3.016|AMR
02-05-2020|0010026153|0030054741|บริษัท นิคเคอิ เอ็มซี อลูมินัม (ประเทศไทย) จำกัด|151|Industrial|0.3122172|647.99|0.225|AMR
02-05-2020|0010027861|0030000246|บริษัท เอสซีจี เซรามิกส์ จำกัด (มหาชน)|151|Industrial|2.2966915|647.99|2.35|AMR
02-05-2020|0010000098|0030000098|บริษัท อีโอซีโพลิเมอร์ส (ไทยแลนด์)จำกัด|151|Industrial|0.0628954|647.99|0.029|AMR
02-05-2020|0010000116|0030034491|บริษัท มิตซูบิชิ มอเตอร์ส (ประเทศไทย) จำกัด|151|Industrial|0.2013644|647.99|0.147|AMR
02-05-2020|0010000117|0030000121|บริษัท ไทยซิลิเกตเคมิคัล จำกัด|151|Industrial|0.7019502|647.99|0.714|AMR
02-05-2020|0010000134|0030000139|บริษัท วันไทยอุตสาหกรรมการอาหาร จำกัด|151|Industrial|1.1860441|647.99|1.087|AMR
02-05-2020|0010000134|0030056618|บริษัท วันไทยอุตสาหกรรมการอาหาร จำกัด|151|Industrial|0.2808931|647.99|0.225|AMR
02-05-2020|0010000135|0030000140|บริษัท รอนเด็กซ์ (ประเทศไทย) จำกัด|151|Industrial|0.0000|647.99|0.03|AMR
02-05-2020|0010000151|0030000156|บริษัท มิตซูบิชิ อีเล็คทริค ออโตเมชั่น (ประเทศไทย) จำกัด|151|Industrial|0.2393277|647.99|0.202|AMR
02-05-2020|0010000164|0030019231|บริษัท โกลว์ พลังงาน จำกัด (มหาชน)|151|Industrial|0.0000|647.99|0.187|ADQ
02-05-2020|0010000164|0030030778|บริษัท โกลว์ พลังงาน จำกัด (มหาชน)|152|Industrial-CoGen|52.682468|647.99|48.75|FlowComp
02-05-2020|0010000206|0030000239|บริษัท เฮลซ์เทรดดิ้ง (ประเทศไทย) จำกัด|151|Industrial|0.0000|647.99|0.028|AMR
02-05-2020|0010000207|0030000240|บริษัท สตาร์ส เทคโนโลยี อินดัสเตรียล จำกัด|151|Industrial|0.3872963|647.99|0.278|AMR
02-05-2020|0010000916|0030044950|บริษัท ดาน่า สไปเซอร์ (ประเทศไทย) จำกัด|151|Industrial|0.0803762|647.99|0.079|AMR
02-05-2020|0010000925|0030022478|บริษัท ไทยสตีลโปรไฟล์ จำกัด (มหาชน)|151|Industrial|1.3563669|647.99|1.001|AMR
02-05-2020|0010001727|0030020317|บริษัท ไทยเซ็นทรัลเคมี จำกัด (มหาชน)|152|Industrial-CoGen|0.0000|647.99|0.176|AMR
02-05-2020|0010001922|0030022692|บริษัท ฟู้ดแอนด์ดริ๊งส์ จำกัด (มหาชน)|151|Industrial|0.14482|647.99|0.169|ADQ
02-05-2020|0010006548|0030009620|บริษัท อีเลคโทรลักซ์ ประเทศไทย จำกัด|151|Industrial|0.0458031|647.99|0.033|AMR
02-05-2020|0010006616|0030010020|บริษัท บริดจสโตน คาร์บอน แบล็ค (ประเทศไทย) จำกัด|151|Industrial|0.0312888|647.99|0.207|AMR
02-05-2020|0010007060|0030011444|บริษัท สยามร่วมมิตร จำกัด|151|Industrial|0.0393052|647.99|0.098|AMR
02-05-2020|0010007112|0030011636|บริษัท ไทยซัมมิท อีสเทิร์น ซีบอร์ดโอโตพาร์ท อินดัสตรี จำกัด|151|Industrial|0.0584458|647.99|0.041|AMR
02-05-2020|0010007812|0030013764|บริษัท กรุงเทพสลักภัณฑ์ จำกัด|151|Industrial|0.0866269|647.99|0.068|AMR
02-05-2020|0010007875|0030013765|บริษัท วนชัย เคมีคอล อินดัสทรี่ส์จำกัด|151|Industrial|0.16665|647.99|0.126|AMR
02-05-2020|0010008671|0030021639|บริษัท พีทีที ฟีนอล จำกัด|151|Industrial|0.0000|647.99|0.265|AMR
02-05-2020|0010009085|0030056942|บจ.แดรี่ พลัส|151|Industrial|0.7659405|647.99|0.663|AMR
02-05-2020|0010009093|0030019105|บริษัท ยูเนียน ออโตพาร์ทส มานูแฟคเชอริ่ง จำกัด|151|Industrial|0.1151965|647.99|0.099|AMR
02-05-2020|0010009582|0030020738|บริษัท คอทโก้ พลาสติกส์ จำกัด|151|Industrial|0.1370916|647.99|0.059|AMR
02-05-2020|0010010355|0030023468|บริษัท เคียวเด็น (ประเทศไทย) จำกัด|151|Industrial|0.049723|647.99|0.033|AMR
02-05-2020|0010010358|0030023471|บริษัท เซ้าท์ ซิตี้ ปิโตรเคม จำกัด|151|Industrial|0.1049552|647.99|0.12|AMR
02-05-2020|0010011784|0030030288|บริษัท สยามเลเทกซ์ สังเคราะห์ จำกัด|151|Industrial|1.1210651|647.99|1.032|AMR
02-05-2020|0010012320|0030026468|บริษัท พีทีที โกลบอล เคมิคอล จำกัด(มหาชน)|151|Industrial|12.871749|647.99|3.196|AMR
02-05-2020|0010012320|0030040549|บริษัท พีทีที โกลบอล เคมิคอล จำกัด(มหาชน)|152|Industrial-CoGen|0.0000|647.99|14.452|FlowComp
02-05-2020|0010021117|0030000123|บริษัท ซีพีเอฟ (ประเทศไทย) จำกัด(มหาชน)|151|Industrial|0.5826572|647.99|0.438|AMR
02-05-2020|0010022317|0030043685|บริษัท ไซมีส อีโคไลท์ จำกัด|151|Industrial|0.0000|647.99|0.034|AMR
02-05-2020|0010023436|0030052175|บริษัท ซันโทรี่ เป๊ปซี่โค เบเวอเรจ(ประเทศไทย) จำกัด|151|Industrial|0.2647543|647.99|0.165|AMR
02-05-2020|0010023548|0030000131|บริษัท โคเวสโตร (ประเทศไทย) จำกัด|151|Industrial|0.4891792|647.99|0.48|AMR
02-05-2020|0010026752|0030055984|บริษัท เซกิซุย คาเซอิ (ไทยแลนด์) จำกัด|151|Industrial|0.0948199|647.99|0.059|AMR
02-05-2020|0010027130|0030056963|บริษัท แคนาเดียน โซลาร์ แมนูแฟคเจอริ่ง (ประเทศไทย) จำกัด|158|NG by Truck|0.00018|647.99|0.009|ADQ
02-05-2020|0010027861|0030046657|บริษัท เอสซีจี เซรามิกส์ จำกัด (มหาชน)|151|Industrial|0.2937123|647.99|0.245|AMR
02-05-2020|0010027938|0030059837|บริษัท ราชบุรีกล๊าส อินดัสทรี จำกัด|151|Industrial|1.8633095|647.99|1.515|AMR
02-05-2020|0010000011|0030000011|บริษัท อลูคอน จำกัด (มหาชน)|151|Industrial|1.5614394|647.99|1.085|AMR
02-05-2020|0010000024|0030000024|บริษัท ไทล์ท้อป อินดัสตรี้ จำกัด (มหาชน)|151|Industrial|5.3370752|647.99|4.432|AMR
02-05-2020|0010000033|0030000104|บริษัท โรแยล ซีรามิค อุตสาหกรรม จำกัด (มหาชน)|151|Industrial|1.7746696|647.99|1.91|AMR
02-05-2020|0010000049|0030000049|บริษัท ไทยผลิตภัณฑ์ยิบซั่ม จำกัด(มหาชน)|151|Industrial|2.3519943|647.99|1.92|AMR
02-05-2020|0010000056|0030000059|บริษัท โอเอสซี สยามซิลิกา จำกัด|151|Industrial|1.6580251|647.99|1.536|AMR
02-05-2020|0010000067|0030000067|บริษัท มิลล์คอน บูรพา จำกัด|151|Industrial|0.2933592|647.99|1.024|AMR
02-05-2020|0010000080|0030000080|บริษัท เอ็นเอส บลูสโคป (ประเทศไทย)จำกัด|151|Industrial|0.9590413|647.99|0.759|AMR
02-05-2020|0010000082|0030000082|บริษัท สยามโทซู เซรามิกส์ จำกัด|151|Industrial|0.0632839|647.99|0.047|AMR
02-05-2020|0010000091|0030000091|บริษัท สยาม เอ็นจีเค เทคโนเซรา จำกัด|151|Industrial|0.3237298|647.99|0.191|AMR
02-05-2020|0010000092|0030000092|บริษัท ไทย-สแกนดิค สตีล จำกัด|151|Industrial|0.058022|647.99|0.065|AMR
02-05-2020|0010000110|0030000114|บริษัท ระยอง กัลวาไนซิ่ง จำกัด|151|Industrial|0.0614828|647.99|0.063|AMR
02-05-2020|0010000129|0030000133|บริษัท ทีพีซี เพสต์ เรซิน จำกัด|151|Industrial|0.3111931|647.99|0.292|AMR
02-05-2020|0010000130|0030000134|บริษัท กรีนสปอต จำกัด|151|Industrial|0.9653979|647.99|0.628|AMR
02-05-2020|0010000140|0030000145|บริษัท สยามลวดเหล็กอุตสาหกรรม จำกัด|151|Industrial|0.051065|647.99|0.074|AMR
02-05-2020|0010000141|0030000146|บริษัท สยามสตีล กัลวาไนซิ่ง จำกัด|151|Industrial|0.1870266|647.99|0.152|AMR
02-05-2020|0010000154|0030000160|บริษัท แม็กซิออน วีลส์ (ประเทศไทย)จำกัด|151|Industrial|0.7715555|647.99|0.764|AMR
02-05-2020|0010000155|0030000161|บริษัท มาเล่ย์ เอ็นจิ่น คอมโพเน็นท์(ประเทศไทย) จำกัด|151|Industrial|0.1011059|647.99|0.084|AMR
02-05-2020|0010000195|0030033440|บริษัท ไทยลู้บเบส จำกัด (มหาชน)|151|Industrial|2.6061895|647.99|4.343|AMR
02-05-2020|0010000197|0030025358|บริษัท บางจาก คอร์ปอเรชั่น จำกัด (มหาชน)|152|Industrial-CoGen|7.7694812|647.99|7.329|AMR
02-05-2020|0010000216|0030049389|บริษัท ไออาร์พีซี จำกัด (มหาชน)|151|Industrial|10.6977408|647.99|8.175|AMR
02-05-2020|0010000220|0030000249|บริษัท เอเชีย ซิลิโคนส์ โมโนเมอร์จำกัด|151|Industrial|0.3510281|647.99|3.736|AMR
02-05-2020|0010001125|0030039301|บริษัท ไทยโพลีอะซีทัล จำกัด|151|Industrial|0.0984926|647.99|0.08|AMR
02-05-2020|0010001131|0030044478|บริษัท นอริตาเก้ เอสซีจี พลาสเตอร์จำกัด|151|Industrial|0.1836011|647.99|0.165|AMR
02-05-2020|0010001740|0030022424|บริษัท โรงงานเหล็กกรุงเทพฯ จำกัด|151|Industrial|2.3171387|647.99|1.24|AMR
02-05-2020|0010001741|0030022479|บริษัท อลูมิเนียม ฉื่อ จิ้น ฮั้ว จำกัด|151|Industrial|0.5472719|647.99|0.327|AMR
02-05-2020|0010002201|0030011779|บริษัท ควอลิตี้ คอฟฟี่ โปรดักท์ส จำกัด|151|Industrial|1.19904|647.99|0.888|AMR
02-05-2020|0010002964|0030024050|บริษัท สยามบราเดอร์ จำกัด|151|Industrial|0.0801996|647.99|0.082|AMR
02-05-2020|0010006772|0030010740|บริษัท ไซเดน (ประเทศไทย) จำกัด|151|Industrial|0.0236255|647.99|0.018|AMR
02-05-2020|0010006894|0030020321|บริษัท อาร์ต อุตสาหกรรม จำกัด|151|Industrial|0.0000|647.99|0.028|AMR
02-05-2020|0010007512|0030040636|บริษัท คราวน์ เบ็บแคน แอนด์ โคลสเชอร์ส (ประเทศไทย) จำกัด|151|Industrial|0.1946546|647.99|0.149|AMR
02-05-2020|0010008114|0030024767|บริษัท ทุนเท็กซ์ เท็กซ์ไทล์ (ประเทศไทย) จำกัด|151|Industrial|0.2572322|647.99|0.252|AMR
02-05-2020|0010008206|0030015236|บริษัท เอ็นเนซอล จำกัด|152|Industrial-CoGen|1.8363997|647.99|0.00345|AMR
02-05-2020|0010008739|0030038490|บริษัท สยามไฟเบอร์ซีเมนต์กรุ๊ป จำกัด|151|Industrial|0.0199174|647.99|0.013|AMR
02-05-2020|0010009180|0030019567|บริษัท ไทย มาลายา กลาส จำกัด|151|Industrial|2.5790678|647.99|2.676|AMR
02-05-2020|0010009841|0030021637|บริษัท โอวาริ เซกิ (ไทยแลนด์) จำกัด|151|Industrial|0.0103472|647.99|0.006|AMR
02-05-2020|0010010998|0030026291|บริษัท งามดีอุตสาหกรรม จำกัด|151|Industrial|0.0885692|647.99|0.073|AMR
02-05-2020|0010011882|0030031074|บริษัท พีทีที อาซาฮี เคมิคอล จำกัด|151|Industrial|4.7751124|647.99|4.68|AMR
02-05-2020|0010012059|0030045449|บริษัท พีทีที เอ็มซีซี ไบโอเคม จำกัด|151|Industrial|0.184378|647.99|0.389|AMR
02-05-2020|0010012361|0030033177|บริษัท โตโต้ (ประเทศไทย) จำกัด|151|Industrial|0.7825737|647.99|0.752|AMR
02-05-2020|0010012393|0030033336|บริษัท จรุงไทยไวร์แอนด์เคเบิ้ล จำกัด (มหาชน)|151|Industrial|0.0000|647.99|0.134|AMR
02-05-2020|0010021117|0030022988|บริษัท ซีพีเอฟ (ประเทศไทย) จำกัด(มหาชน)|152|Industrial-CoGen|0.0000|647.99|0.068|AMR
02-05-2020|0010022812|0030014300|บริษัท โกลบอล เพาเวอร์ ซินเนอร์ยี่จำกัด (มหาชน)|152|Industrial-CoGen|55.2167907|647.99|51.25136|FlowComp
02-05-2020|0010024039|0030050402|บริษัท สุเพิร์บ พาวเวอร์ จำกัด|152|Industrial-CoGen|0.444718|647.99|0.402|AMR
02-05-2020|0010024055|0030057123|บจ.โอจีพี เอนเนอร์ยี่ โซลูชั่นส์ (สำหรับ บจ.ซึชิโยชิ สมบูรณ์ โคเตทแซนด์)|151|Industrial|0.0677335|647.99|0.114|AMR
02-05-2020|0010027295|0030059173|บมจ.ปตท. น้ำมันและการค้าปลีก|158|NG by Truck|0.15311|647.99|0.21379|ADQ
02-05-2020|0010027315|0030057427|บริษัท นิชินโบะ สมบูรณ์ ออโตโมทีฟ จำกัด|151|Industrial|0.0304412|647.99|0.014|AMR
02-05-2020|0010028705|0030017241|บริษัท บีจี โฟลต กล๊าส จำกัด|151|Industrial|0.2076857|647.99|0.24|AMR
02-05-2020|0010029277|0030062577|บริษัท โรม เมคะเทค (ประเทศไทย) จำกัด|151|Industrial|0.01303|647.99|0.03|ADQ
02-05-2020|0010029951|0030064789|บริษัท สยามเพลเล็ทพาวเวอร์ จำกัด|152|Industrial-CoGen|0.8026325|647.99|0.819|AMR
02-05-2020|0010030938|0030000014|บริษัท เอสซีจี รูฟฟิ่ง จำกัด|151|Industrial|0.0000|647.99||ADQ
02-05-2020|0010000004|0030000004|บริษัท ไทย คอปเปอร์ ร็อด จำกัด|151|Industrial|0.0000|647.99|0.17|AMR
02-05-2020|0010000005|0030000005|บริษัท ไทยเมทัลโพรเซสซิ่ง จำกัด|151|Industrial|0.6543107|647.99|0.364|AMR
02-05-2020|0010000016|0030000016|บริษัท ลิกซิล (ประเทศไทย) จำกัด (มหาชน)|151|Industrial|0.67331|647.99|0.766|AMR
02-05-2020|0010000030|0030000030|บริษัท ภัทราพอร์ซเลน จำกัด|151|Industrial|0.5621393|647.99|0.56|AMR
02-05-2020|0010000041|0030000041|บริษัท สยามอุตสาหกรรมยิปซัม (สระบุรี) จำกัด|151|Industrial|1.5175786|647.99|2.884|AMR
02-05-2020|0010000054|0030000054|บริษัท บางกอก คริสตัล จำกัด|151|Industrial|0.0000|647.99|0.842|AMR
02-05-2020|0010000056|0030000056|บริษัท โอเอสซี สยามซิลิกา จำกัด|151|Industrial|2.3891453|647.99|1.843|AMR
02-05-2020|0010000064|0030000243|บริษัท ลี่ไท่ อัลลอย จำกัด|151|Industrial|0.2800455|647.99|0.246|AMR
02-05-2020|0010000065|0030000065|บริษัท สยามโพลีสไตรีน จำกัด|151|Industrial|0.0441433|647.99|0.072|AMR
02-05-2020|0010000077|0030000077||151|Industrial|1.5849943|647.99|1.589|AMR
02-05-2020|0010000078|0030000078|บริษัท ไทเท็กซ์ เอเซีย จำกัด|151|Industrial|0.1525241|647.99|0.132|AMR
02-05-2020|0010000089|0030000089|บริษัท ธนเสริมอุตสาหกรรมฝาขวด จำกัด|151|Industrial|0.0809412|647.99|0.072|AMR
02-05-2020|0010000108|0030000112|บริษัท ยูนิตี้ อินดัสเตรียล จำกัด|151|Industrial|0.0246496|647.99|0.019|AMR
02-05-2020|0010000109|0030000113|บริษัท ระยองไวร์ อินดัสตรีส์ จำกัด(มหาชน)|151|Industrial|0.0115479|647.99|0.013|AMR
02-05-2020|0010000125|0030000129|บริษัท อาร์พีที เอเซีย จำกัด|151|Industrial|0.0169157|647.99|0.036|AMR
02-05-2020|0010000136|0030000141|บริษัท ยูเนี่ยนไทย-นิจิบัน จำกัด|151|Industrial|0.3604924|647.99|0.365|AMR
02-05-2020|0010000137|0030000142|บริษัท วาลเมท จำกัด|151|Industrial|0.012466|647.99|0.006|AMR
02-05-2020|0010000149|0030000154|บริษัท เอเวอรี่ เดนนิสสัน (ประเทศไทย) จำกัด|151|Industrial|0.0638136|647.99|0.081|AMR
02-05-2020|0010000150|0030000155|บริษัท บริดจสโตน เมตัลฟา(ประเทศไทย) จำกัด|151|Industrial|0.2975616|647.99|0.291|AMR
02-05-2020|0010000161|0030000167|บริษัท ไทยซัมซุง อิเลคโทรนิคส์ จำกัด|151|Industrial|0.3973963|647.99|0.277|AMR
02-05-2020|0010000202|0030042681|บริษัท สมบูรณ์ โซมิค แมนูแฟคเจอริ่งจำกัด|151|Industrial|0.013137|647.99|0.007|AMR
02-05-2020|0010000203|0030000236|บริษัท สิงห์ คาเมดะ (ประเทศไทย) จำกัด|151|Industrial|0.2603399|647.99|0.211|AMR
02-05-2020|0010000225|0030011191|บริษัท ซีพีพีซี จำกัด (มหาชน) (Coating Plant)|151|Industrial|0.0184342|647.99|0.009|AMR
02-05-2020|0010000226|0030000252|บริษัท ซัมมิท โชว่าแมนูแฟคเจอริ่งจำกัด|151|Industrial|0.1348668|647.99|0.102|AMR
02-05-2020|0010001605|0030051931||151|Industrial|0.2824822|647.99|0.223|AMR
02-05-2020|0010001609|0030015621|บริษัท โตโยต้า มอเตอร์ ประเทศไทย จำกัด|151|Industrial|0.6281072|647.99|0.478|AMR
02-05-2020|0010003009|0030053395|บริษัท มิตซูบิชิ อีเล็คทริค คอนซูมเมอร์ โปรดักส์ (ประเทศไทย) จำกัด|158|NG by Truck|0.01879|647.99|0.019|ADQ
02-05-2020|0010006940|0030011137|บริษัท เอส ที บี เท็กซ์ไทล์ อินดัสตรี จำกัด|151|Industrial|0.0476748|647.99|0.04|AMR
02-05-2020|0010006972|0030011249|บริษัท สยาม ยามาโมริ จำกัด|151|Industrial|0.0327014|647.99|0.024|AMR
02-05-2020|0010008289|0030015477|บริษัท ดี-รับเบอร์ โปรดักส์ จำกัด|151|Industrial|0.0442846|647.99|0.033|AMR
02-05-2020|0010009228|0030019659|บริษัท ไทย เอ็มเอฟซี จำกัด|151|Industrial|0.1472622|647.99|0.124|AMR
02-05-2020|0010010220|0030023100|บริษัท เอส ไอ ดับบลิว (ไทยแลนด์) จำกัด|151|Industrial|0.1202818|647.99|0.104|AMR
02-05-2020|0010012320|0030021767|บริษัท พีทีที โกลบอล เคมิคอล จำกัด(มหาชน)|153|Commercial|0.0164213|647.99|0.013|AMR
02-05-2020|0010012320|0030021767|บริษัท พีทีที โกลบอล เคมิคอล จำกัด(มหาชน)|154|Commercial–CoGen|0.1233895|647.99|0.079|AMR
02-05-2020|0010021117|0030022988|บริษัท ซีพีเอฟ (ประเทศไทย) จำกัด(มหาชน)|151|Industrial|0.6181838|647.99|0.484|AMR
02-05-2020|0010021151|0030040140|บริษัท คนอฟ ยิปซั่ม (ประเทศไทย) จำกัด|151|Industrial|0.0000|647.99|0.483|AMR
02-05-2020|0010023667|0030000034|บริษัท สตาร์ ซานิทารี่แวร์ (ประเทศไทย) จำกัด|151|Industrial|0.0894874|647.99|0.103|AMR
02-05-2020|0010023967|0030050118|บริษัท โอซาก้า แก๊ส (ประเทศไทย) จำกัด|151|Industrial|0.2474501|647.99|0.197|AMR
02-05-2020|0010027591|0030024290|บริษัท ซีพีเอฟ ฟู้ด แอนด์ เบฟเวอร์เรจ จำกัด|151|Industrial|0.7228565|647.99|0.721|AMR
02-05-2020|0010027600|0030058148|บริษัท เอเชีย แคน แมนูแฟคเจอริ่ง จำกัด|151|Industrial|0.1158675|647.99|0.116|AMR
02-05-2020|0010027807|0030064609|บริษัท เช่วเฉิน ซิลิก้า (ไทยแลนด์)จำกัด|151|Industrial|0.0000|647.99|1.00|ADQ
